-- FraudGuard seed data (synthetic, schema matches the IBM kaggle dataset)
-- ~100+ rows per table, inserted with plain INSERT queries. constraints must exist first (run 01_schema.sql).
-- fraud_alert has no inserts on purpose: the trigger opens alerts automatically.

BEGIN;

INSERT INTO merchant_category (mcc, category_description) VALUES
  (5411, 'Grocery Stores/Supermarkets'),
  (5812, 'Eating Places/Restaurants'),
  (5814, 'Fast Food Restaurants'),
  (5541, 'Service Stations (Fuel)'),
  (5912, 'Drug Stores/Pharmacies'),
  (7011, 'Hotels/Motels/Resorts'),
  (6011, 'ATM/Cash Withdrawal'),
  (5999, 'Misc Retail'),
  (4814, 'Telecom Services'),
  (5732, 'Electronics Stores'),
  (5311, 'Department Stores'),
  (5651, 'Family Clothing Stores'),
  (7832, 'Motion Picture Theaters'),
  (8011, 'Doctors/Physicians'),
  (4121, 'Taxicabs and Limousines');

INSERT INTO customer (customer_id, current_age, gender, city, state, zipcode, latitude, longitude, yearly_income, total_debt, fico_score) VALUES
  (1, 24, 'Male', 'New York', 'NY', '28250', 27.0341, -77.7282, 135000.00, 34000.00, 516),
  (2, 39, 'Male', 'Austin', 'TX', '79801', 39.1041, -111.2068, 34000.00, 78000.00, 805),
  (3, 74, 'Male', 'Charlotte', 'NC', '66856', 31.7176, -115.5294, 81000.00, 18000.00, 701),
  (4, 53, 'Male', 'Orlando', 'FL', '82997', 41.6431, -77.9505, 42000.00, 17000.00, 813),
  (5, 21, 'Female', 'Atlanta', 'GA', '25896', 44.9311, -74.5298, 145000.00, 74000.00, 538),
  (6, 56, 'Female', 'Austin', 'TX', '99198', 26.8525, -114.884, 121000.00, 87000.00, 503),
  (7, 56, 'Female', 'New York', 'NY', '25472', 27.0035, -90.6278, 140000.00, 12000.00, 688),
  (8, 74, 'Female', 'Los Angeles', 'CA', '63152', 45.23, -106.6723, 29000.00, 43000.00, 729),
  (9, 68, 'Female', 'New York', 'NY', '74782', 42.9125, -116.5631, 26000.00, 78000.00, 736),
  (10, 56, 'Male', 'Atlanta', 'GA', '71146', 25.2656, -112.6111, 94000.00, 20000.00, 621),
  (11, 77, 'Male', 'Los Angeles', 'CA', '82906', 28.7089, -119.8605, 59000.00, 33000.00, 728),
  (12, 60, 'Female', 'Charlotte', 'NC', '81157', 27.7839, -107.615, 111000.00, 46000.00, 818),
  (13, 26, 'Male', 'Los Angeles', 'CA', '41948', 32.0169, -104.5555, 27000.00, 54000.00, 687),
  (14, 55, 'Female', 'Seattle', 'WA', '32871', 43.0314, -98.8582, 44000.00, 12000.00, 481),
  (15, 29, 'Female', 'Columbus', 'OH', '47419', 47.3996, -87.0527, 119000.00, 30000.00, 697),
  (16, 70, 'Male', 'Phoenix', 'AZ', '63931', 43.0702, -88.6095, 107000.00, 62000.00, 719),
  (17, 36, 'Female', 'Charlotte', 'NC', '14315', 30.8062, -74.4821, 113000.00, 75000.00, 490),
  (18, 62, 'Male', 'Phoenix', 'AZ', '30801', 29.3544, -88.9849, 137000.00, 61000.00, 647),
  (19, 21, 'Female', 'Orlando', 'FL', '44208', 28.8993, -71.9911, 149000.00, 7000.00, 665),
  (20, 53, 'Male', 'Austin', 'TX', '52246', 47.9604, -79.4442, 110000.00, 70000.00, 633),
  (21, 26, 'Female', 'Seattle', 'WA', '20430', 36.5184, -121.0169, 110000.00, 3000.00, 538),
  (22, 32, 'Female', 'Charlotte', 'NC', '53521', 25.6438, -81.6114, 35000.00, 70000.00, 579),
  (23, 62, 'Male', 'Charlotte', 'NC', '48474', 42.5545, -107.9978, 89000.00, 39000.00, 698),
  (24, 65, 'Female', 'New York', 'NY', '83009', 25.8959, -122.2724, 84000.00, 62000.00, 689),
  (25, 47, 'Male', 'New York', 'NY', '71058', 39.7102, -92.6837, 149000.00, 22000.00, 796),
  (26, 51, 'Female', 'Austin', 'TX', '45169', 47.7221, -82.0909, 88000.00, 7000.00, 794),
  (27, 40, 'Male', 'Phoenix', 'AZ', '93817', 37.6048, -72.6509, 38000.00, 36000.00, 824),
  (28, 32, 'Female', 'Phoenix', 'AZ', '51645', 38.582, -95.2153, 149000.00, 37000.00, 630),
  (29, 65, 'Female', 'Atlanta', 'GA', '24460', 38.0168, -109.2141, 155000.00, 7000.00, 778),
  (30, 19, 'Female', 'New York', 'NY', '64612', 36.3247, -118.8974, 47000.00, 64000.00, 706),
  (31, 39, 'Male', 'Austin', 'TX', '96249', 27.95, -108.0391, 132000.00, 32000.00, 656),
  (32, 77, 'Female', 'Charlotte', 'NC', '80672', 40.1904, -74.0813, 44000.00, 7000.00, 754),
  (33, 51, 'Female', 'Columbus', 'OH', '89803', 46.0777, -106.2817, 51000.00, 44000.00, 622),
  (34, 38, 'Male', 'Los Angeles', 'CA', '77378', 42.645, -73.1636, 28000.00, 52000.00, 795),
  (35, 70, 'Female', 'Charlotte', 'NC', '79225', 39.9022, -83.7158, 94000.00, 21000.00, 673),
  (36, 53, 'Female', 'Atlanta', 'GA', '74870', 46.9993, -80.0257, 65000.00, 28000.00, 516),
  (37, 54, 'Male', 'New York', 'NY', '70388', 41.3775, -109.4913, 153000.00, 3000.00, 593),
  (38, 32, 'Female', 'New York', 'NY', '85407', 40.655, -119.0163, 57000.00, 20000.00, 590),
  (39, 70, 'Female', 'New York', 'NY', '81742', 33.8285, -74.3418, 101000.00, 82000.00, 539),
  (40, 40, 'Female', 'Los Angeles', 'CA', '60609', 46.2687, -78.493, 50000.00, 47000.00, 499),
  (41, 63, 'Female', 'Los Angeles', 'CA', '51703', 43.6518, -86.967, 131000.00, 1000.00, 805),
  (42, 24, 'Male', 'Phoenix', 'AZ', '95675', 43.4094, -106.4131, 48000.00, 85000.00, 584),
  (43, 75, 'Female', 'Columbus', 'OH', '69881', 35.3296, -118.6833, 37000.00, 7000.00, 506),
  (44, 68, 'Female', 'Chicago', 'IL', '58037', 31.8376, -115.327, 39000.00, 1000.00, 658),
  (45, 58, 'Male', 'Los Angeles', 'CA', '28724', 39.5675, -71.6693, 101000.00, 9000.00, 673),
  (46, 65, 'Female', 'Austin', 'TX', '19557', 35.115, -78.3417, 41000.00, 54000.00, 775),
  (47, 69, 'Female', 'Chicago', 'IL', '84362', 41.2962, -80.2081, 46000.00, 81000.00, 784),
  (48, 56, 'Male', 'Phoenix', 'AZ', '14889', 38.8764, -100.5115, 123000.00, 8000.00, 672),
  (49, 77, 'Male', 'Austin', 'TX', '54718', 41.0719, -105.5141, 24000.00, 10000.00, 740),
  (50, 71, 'Male', 'Columbus', 'OH', '18976', 47.1092, -87.9148, 89000.00, 89000.00, 657),
  (51, 32, 'Male', 'Austin', 'TX', '74850', 37.5748, -115.4913, 43000.00, 60000.00, 524),
  (52, 76, 'Male', 'Atlanta', 'GA', '22890', 43.4882, -78.6019, 37000.00, 16000.00, 609),
  (53, 42, 'Female', 'Atlanta', 'GA', '50651', 45.8438, -91.5894, 62000.00, 90000.00, 781),
  (54, 72, 'Female', 'Seattle', 'WA', '64135', 35.7428, -75.2464, 83000.00, 54000.00, 516),
  (55, 75, 'Female', 'Atlanta', 'GA', '50146', 41.499, -117.1005, 67000.00, 21000.00, 649),
  (56, 49, 'Male', 'Orlando', 'FL', '27444', 26.804, -107.2235, 59000.00, 72000.00, 616),
  (57, 72, 'Female', 'Orlando', 'FL', '95362', 36.6595, -87.1551, 150000.00, 67000.00, 604),
  (58, 34, 'Male', 'Phoenix', 'AZ', '31776', 44.7763, -121.6252, 76000.00, 87000.00, 493),
  (59, 40, 'Male', 'Seattle', 'WA', '27970', 41.7209, -118.509, 70000.00, 4000.00, 634),
  (60, 38, 'Male', 'Atlanta', 'GA', '40086', 42.9162, -75.8431, 30000.00, 54000.00, 777),
  (61, 71, 'Male', 'Los Angeles', 'CA', '43054', 32.2403, -81.907, 58000.00, 79000.00, 673),
  (62, 23, 'Male', 'Los Angeles', 'CA', '85691', 27.2456, -110.5402, 49000.00, 83000.00, 610),
  (63, 50, 'Male', 'Los Angeles', 'CA', '68057', 34.4666, -105.7427, 62000.00, 38000.00, 690),
  (64, 65, 'Female', 'Atlanta', 'GA', '71831', 44.401, -116.0844, 107000.00, 6000.00, 719),
  (65, 58, 'Male', 'Charlotte', 'NC', '98152', 43.1798, -119.0638, 120000.00, 48000.00, 581),
  (66, 33, 'Female', 'Phoenix', 'AZ', '50429', 31.3114, -95.494, 70000.00, 37000.00, 822),
  (67, 47, 'Male', 'Orlando', 'FL', '34064', 28.1317, -71.8007, 69000.00, 23000.00, 513),
  (68, 51, 'Female', 'Phoenix', 'AZ', '81937', 46.6409, -87.6626, 70000.00, 86000.00, 604),
  (69, 59, 'Male', 'Orlando', 'FL', '19915', 38.3945, -110.2134, 53000.00, 38000.00, 486),
  (70, 48, 'Female', 'Seattle', 'WA', '74501', 32.3413, -73.5714, 89000.00, 3000.00, 617),
  (71, 24, 'Female', 'Seattle', 'WA', '48372', 30.7599, -80.5944, 67000.00, 13000.00, 711),
  (72, 26, 'Male', 'New York', 'NY', '36035', 31.0992, -92.1277, 111000.00, 3000.00, 764),
  (73, 63, 'Male', 'Chicago', 'IL', '64128', 36.3361, -74.4824, 133000.00, 5000.00, 694),
  (74, 66, 'Female', 'Charlotte', 'NC', '80207', 38.3587, -84.338, 48000.00, 88000.00, 566),
  (75, 77, 'Male', 'Columbus', 'OH', '54441', 29.0811, -94.7333, 155000.00, 74000.00, 550),
  (76, 23, 'Male', 'Charlotte', 'NC', '26879', 44.6944, -79.4217, 132000.00, 76000.00, 682),
  (77, 31, 'Female', 'New York', 'NY', '69694', 41.1995, -87.05, 152000.00, 63000.00, 687),
  (78, 68, 'Male', 'Austin', 'TX', '37359', 38.4658, -116.0082, 60000.00, 71000.00, 548),
  (79, 53, 'Female', 'Seattle', 'WA', '48434', 47.1407, -78.2877, 40000.00, 29000.00, 686),
  (80, 61, 'Male', 'Chicago', 'IL', '47623', 26.2223, -77.334, 130000.00, 69000.00, 818),
  (81, 34, 'Female', 'Austin', 'TX', '73274', 41.9247, -90.6916, 24000.00, 45000.00, 644),
  (82, 26, 'Female', 'Chicago', 'IL', '59203', 43.5129, -92.2818, 38000.00, 69000.00, 744),
  (83, 72, 'Male', 'Phoenix', 'AZ', '68677', 28.881, -86.6992, 85000.00, 32000.00, 637),
  (84, 39, 'Female', 'Austin', 'TX', '95787', 38.9891, -107.0215, 22000.00, 87000.00, 516),
  (85, 76, 'Female', 'Charlotte', 'NC', '93093', 28.5932, -111.3429, 34000.00, 45000.00, 610),
  (86, 71, 'Female', 'Atlanta', 'GA', '34179', 27.1993, -123.8828, 107000.00, 50000.00, 543),
  (87, 45, 'Female', 'Charlotte', 'NC', '35239', 31.6706, -107.3016, 68000.00, 61000.00, 704),
  (88, 42, 'Male', 'Atlanta', 'GA', '31341', 30.8964, -72.246, 155000.00, 12000.00, 640),
  (89, 35, 'Male', 'Chicago', 'IL', '89809', 43.6609, -105.7748, 93000.00, 77000.00, 702),
  (90, 71, 'Female', 'Los Angeles', 'CA', '90862', 25.4375, -78.0605, 79000.00, 38000.00, 655),
  (91, 77, 'Male', 'Atlanta', 'GA', '45997', 27.2691, -73.1459, 32000.00, 56000.00, 505),
  (92, 32, 'Male', 'Los Angeles', 'CA', '52902', 47.618, -86.2435, 123000.00, 50000.00, 750),
  (93, 69, 'Male', 'Phoenix', 'AZ', '82325', 41.6916, -117.4645, 37000.00, 81000.00, 682),
  (94, 32, 'Male', 'Phoenix', 'AZ', '74866', 33.7356, -97.3319, 109000.00, 73000.00, 699),
  (95, 21, 'Male', 'Chicago', 'IL', '60093', 40.9771, -73.5538, 60000.00, 1000.00, 647),
  (96, 22, 'Male', 'Austin', 'TX', '67755', 35.2244, -78.2814, 46000.00, 37000.00, 817),
  (97, 41, 'Female', 'Seattle', 'WA', '97268', 43.1968, -86.5168, 114000.00, 72000.00, 621),
  (98, 27, 'Male', 'Austin', 'TX', '58630', 27.7966, -101.3637, 99000.00, 43000.00, 528),
  (99, 33, 'Female', 'Phoenix', 'AZ', '86936', 27.9063, -85.3787, 91000.00, 5000.00, 506),
  (100, 50, 'Female', 'Los Angeles', 'CA', '84210', 47.2947, -109.6503, 58000.00, 69000.00, 502);

INSERT INTO card (card_id, customer_id, card_index, card_brand, card_type, card_number_masked, expires, has_chip, credit_limit) VALUES
  (1, 95, 0, 'Visa', 'Debit (Prepaid)', '****8117', '02/2029', TRUE, 16200.00),
  (2, 45, 0, 'Visa', 'Debit', '****9362', '08/2027', TRUE, 24200.00),
  (3, 39, 0, 'Amex', 'Credit', '****5718', '04/2030', TRUE, 6400.00),
  (4, 66, 0, 'Discover', 'Credit', '****5664', '09/2027', TRUE, 11500.00),
  (5, 34, 0, 'Discover', 'Credit', '****6503', '07/2026', TRUE, 4200.00),
  (6, 72, 0, 'Visa', 'Credit', '****1758', '12/2028', FALSE, 2700.00),
  (7, 57, 0, 'Amex', 'Debit', '****9916', '04/2028', TRUE, 17500.00),
  (8, 100, 0, 'Visa', 'Credit', '****7012', '12/2028', FALSE, 23700.00),
  (9, 84, 0, 'Discover', 'Credit', '****3996', '08/2029', TRUE, 18300.00),
  (10, 77, 0, 'Amex', 'Credit', '****7453', '01/2029', FALSE, 13500.00),
  (11, 96, 0, 'Mastercard', 'Credit', '****2202', '05/2026', TRUE, 15200.00),
  (12, 35, 0, 'Mastercard', 'Debit (Prepaid)', '****3412', '09/2027', TRUE, 20500.00),
  (13, 10, 0, 'Mastercard', 'Credit', '****2958', '11/2027', TRUE, 18500.00),
  (14, 19, 0, 'Visa', 'Debit (Prepaid)', '****6074', '04/2030', FALSE, 3200.00),
  (15, 26, 0, 'Amex', 'Debit (Prepaid)', '****9326', '03/2028', TRUE, 19600.00),
  (16, 86, 0, 'Visa', 'Debit (Prepaid)', '****6373', '07/2027', TRUE, 1800.00),
  (17, 58, 0, 'Visa', 'Debit', '****7398', '08/2027', TRUE, 9900.00),
  (18, 61, 0, 'Visa', 'Debit (Prepaid)', '****3674', '04/2030', TRUE, 17500.00),
  (19, 87, 0, 'Discover', 'Credit', '****6474', '01/2026', TRUE, 5100.00),
  (20, 52, 0, 'Discover', 'Debit', '****5329', '02/2028', TRUE, 19400.00),
  (21, 58, 1, 'Mastercard', 'Debit', '****1204', '09/2029', TRUE, 25000.00),
  (22, 91, 0, 'Amex', 'Debit (Prepaid)', '****2683', '02/2027', TRUE, 20800.00),
  (23, 34, 1, 'Discover', 'Debit', '****7013', '03/2028', FALSE, 4500.00),
  (24, 97, 0, 'Mastercard', 'Credit', '****6124', '01/2030', TRUE, 12000.00),
  (25, 96, 1, 'Amex', 'Debit (Prepaid)', '****8923', '02/2027', TRUE, 8300.00),
  (26, 85, 0, 'Mastercard', 'Credit', '****5079', '06/2026', FALSE, 18900.00),
  (27, 51, 0, 'Discover', 'Debit', '****6834', '07/2028', TRUE, 21000.00),
  (28, 83, 0, 'Amex', 'Debit', '****8904', '05/2029', TRUE, 3200.00),
  (29, 20, 0, 'Discover', 'Debit', '****7733', '09/2026', TRUE, 22800.00),
  (30, 66, 1, 'Amex', 'Debit', '****1824', '04/2028', TRUE, 13300.00),
  (31, 43, 0, 'Visa', 'Debit', '****1794', '10/2030', TRUE, 20400.00),
  (32, 44, 0, 'Discover', 'Debit', '****6330', '01/2029', TRUE, 6400.00),
  (33, 90, 0, 'Visa', 'Debit', '****6301', '07/2026', TRUE, 6900.00),
  (34, 43, 1, 'Visa', 'Debit', '****2631', '01/2028', TRUE, 4100.00),
  (35, 79, 0, 'Visa', 'Debit (Prepaid)', '****3711', '06/2028', TRUE, 1500.00),
  (36, 44, 1, 'Mastercard', 'Debit', '****4501', '10/2029', TRUE, 22000.00),
  (37, 12, 0, 'Amex', 'Debit', '****5878', '06/2029', TRUE, 6400.00),
  (38, 35, 1, 'Discover', 'Debit (Prepaid)', '****5413', '03/2027', TRUE, 13700.00),
  (39, 9, 0, 'Mastercard', 'Credit', '****3345', '03/2030', TRUE, 6200.00),
  (40, 27, 0, 'Discover', 'Debit', '****1983', '07/2028', TRUE, 8800.00),
  (41, 68, 0, 'Discover', 'Debit (Prepaid)', '****4580', '04/2029', TRUE, 18700.00),
  (42, 29, 0, 'Visa', 'Debit (Prepaid)', '****3937', '12/2029', TRUE, 22600.00),
  (43, 95, 1, 'Mastercard', 'Credit', '****1131', '10/2028', TRUE, 8400.00),
  (44, 28, 0, 'Amex', 'Credit', '****5282', '03/2028', FALSE, 20800.00),
  (45, 90, 1, 'Mastercard', 'Credit', '****6504', '05/2026', TRUE, 4300.00),
  (46, 53, 0, 'Mastercard', 'Credit', '****9093', '04/2030', TRUE, 18500.00),
  (47, 92, 0, 'Mastercard', 'Debit', '****6779', '04/2028', TRUE, 22600.00),
  (48, 51, 1, 'Mastercard', 'Debit', '****1922', '10/2028', TRUE, 19800.00),
  (49, 25, 0, 'Amex', 'Debit', '****9854', '03/2026', TRUE, 4900.00),
  (50, 95, 2, 'Amex', 'Credit', '****4207', '01/2027', TRUE, 1100.00),
  (51, 42, 0, 'Amex', 'Credit', '****9084', '12/2027', TRUE, 2700.00),
  (52, 74, 0, 'Amex', 'Debit (Prepaid)', '****2994', '06/2030', TRUE, 5500.00),
  (53, 76, 0, 'Discover', 'Debit', '****5206', '01/2029', TRUE, 12400.00),
  (54, 4, 0, 'Amex', 'Debit (Prepaid)', '****4099', '10/2026', TRUE, 8800.00),
  (55, 78, 0, 'Amex', 'Debit (Prepaid)', '****9539', '02/2028', TRUE, 21200.00),
  (56, 1, 0, 'Mastercard', 'Debit (Prepaid)', '****3666', '05/2029', TRUE, 21600.00),
  (57, 23, 0, 'Visa', 'Debit (Prepaid)', '****9750', '03/2030', TRUE, 20600.00),
  (58, 49, 0, 'Mastercard', 'Credit', '****6025', '07/2026', TRUE, 13000.00),
  (59, 28, 1, 'Visa', 'Credit', '****8129', '06/2029', TRUE, 18600.00),
  (60, 24, 0, 'Discover', 'Credit', '****6539', '08/2026', TRUE, 1300.00),
  (61, 66, 2, 'Mastercard', 'Credit', '****6876', '09/2028', TRUE, 6700.00),
  (62, 25, 1, 'Mastercard', 'Debit (Prepaid)', '****4129', '08/2030', TRUE, 14600.00),
  (63, 6, 0, 'Amex', 'Credit', '****2713', '08/2028', TRUE, 6600.00),
  (64, 86, 1, 'Mastercard', 'Debit', '****1657', '10/2027', TRUE, 10400.00),
  (65, 55, 0, 'Visa', 'Credit', '****1043', '12/2029', TRUE, 21100.00),
  (66, 100, 1, 'Mastercard', 'Credit', '****7644', '03/2030', TRUE, 7900.00),
  (67, 94, 0, 'Discover', 'Debit (Prepaid)', '****1173', '07/2029', TRUE, 8200.00),
  (68, 78, 1, 'Discover', 'Debit', '****5428', '10/2030', TRUE, 19300.00),
  (69, 84, 1, 'Visa', 'Debit', '****1122', '04/2027', TRUE, 24500.00),
  (70, 7, 0, 'Amex', 'Debit (Prepaid)', '****8711', '05/2027', FALSE, 10500.00),
  (71, 81, 0, 'Amex', 'Debit', '****8074', '01/2029', TRUE, 20900.00),
  (72, 5, 0, 'Amex', 'Debit (Prepaid)', '****5286', '02/2030', FALSE, 24900.00),
  (73, 45, 1, 'Mastercard', 'Credit', '****8155', '05/2026', TRUE, 8200.00),
  (74, 16, 0, 'Amex', 'Debit', '****8465', '01/2027', TRUE, 5900.00),
  (75, 34, 2, 'Amex', 'Debit', '****5418', '11/2029', TRUE, 1300.00),
  (76, 77, 1, 'Mastercard', 'Credit', '****8289', '02/2027', TRUE, 2900.00),
  (77, 59, 0, 'Visa', 'Debit', '****4806', '12/2030', TRUE, 2200.00),
  (78, 50, 0, 'Mastercard', 'Debit', '****5411', '08/2026', FALSE, 17200.00),
  (79, 17, 0, 'Discover', 'Debit', '****8809', '06/2030', TRUE, 13400.00),
  (80, 84, 2, 'Visa', 'Debit (Prepaid)', '****8918', '08/2029', TRUE, 10000.00),
  (81, 83, 1, 'Amex', 'Debit (Prepaid)', '****1388', '03/2029', TRUE, 5000.00),
  (82, 85, 1, 'Mastercard', 'Credit', '****4453', '05/2027', TRUE, 23100.00),
  (83, 75, 0, 'Amex', 'Debit (Prepaid)', '****6515', '06/2029', TRUE, 13700.00),
  (84, 54, 0, 'Mastercard', 'Debit', '****7399', '03/2029', TRUE, 13600.00),
  (85, 43, 2, 'Discover', 'Credit', '****7266', '02/2029', TRUE, 16100.00),
  (86, 96, 2, 'Visa', 'Debit (Prepaid)', '****4586', '11/2026', FALSE, 16400.00),
  (87, 86, 2, 'Visa', 'Credit', '****5534', '12/2028', TRUE, 25000.00),
  (88, 36, 0, 'Amex', 'Credit', '****6898', '04/2029', TRUE, 23400.00),
  (89, 8, 0, 'Amex', 'Debit', '****6488', '04/2030', TRUE, 15100.00),
  (90, 39, 1, 'Amex', 'Credit', '****5025', '12/2029', TRUE, 18100.00),
  (91, 78, 2, 'Mastercard', 'Debit', '****1015', '05/2027', TRUE, 3900.00),
  (92, 99, 0, 'Amex', 'Debit (Prepaid)', '****8776', '02/2027', TRUE, 13600.00),
  (93, 30, 0, 'Discover', 'Debit (Prepaid)', '****4981', '03/2026', TRUE, 25000.00),
  (94, 11, 0, 'Amex', 'Credit', '****1780', '05/2026', FALSE, 20200.00),
  (95, 10, 1, 'Discover', 'Credit', '****2524', '08/2029', TRUE, 20900.00),
  (96, 18, 0, 'Discover', 'Credit', '****4967', '05/2028', TRUE, 11700.00),
  (97, 65, 0, 'Visa', 'Credit', '****6577', '03/2030', TRUE, 22300.00),
  (98, 55, 1, 'Visa', 'Debit', '****6940', '03/2030', TRUE, 15400.00),
  (99, 42, 1, 'Amex', 'Credit', '****1207', '01/2030', TRUE, 17500.00),
  (100, 37, 0, 'Amex', 'Debit (Prepaid)', '****3040', '01/2030', TRUE, 15500.00),
  (101, 49, 1, 'Mastercard', 'Debit', '****6905', '12/2030', TRUE, 1200.00),
  (102, 80, 0, 'Discover', 'Credit', '****8581', '05/2030', TRUE, 5700.00),
  (103, 8, 1, 'Visa', 'Debit (Prepaid)', '****8435', '09/2030', TRUE, 19400.00),
  (104, 46, 0, 'Amex', 'Debit (Prepaid)', '****4103', '08/2027', TRUE, 7500.00),
  (105, 83, 2, 'Visa', 'Debit (Prepaid)', '****6808', '12/2027', FALSE, 20900.00),
  (106, 13, 0, 'Discover', 'Debit (Prepaid)', '****2081', '01/2030', TRUE, 19800.00),
  (107, 90, 2, 'Discover', 'Credit', '****2092', '03/2030', TRUE, 6500.00),
  (108, 50, 1, 'Amex', 'Debit (Prepaid)', '****9792', '01/2026', TRUE, 6600.00),
  (109, 40, 0, 'Amex', 'Debit', '****2748', '09/2027', TRUE, 6600.00),
  (110, 31, 0, 'Amex', 'Credit', '****8805', '05/2027', TRUE, 12500.00),
  (111, 22, 0, 'Amex', 'Debit', '****9949', '10/2029', TRUE, 4900.00),
  (112, 77, 2, 'Mastercard', 'Debit (Prepaid)', '****5553', '04/2029', FALSE, 16800.00),
  (113, 59, 1, 'Discover', 'Debit (Prepaid)', '****3781', '02/2029', TRUE, 4200.00),
  (114, 50, 2, 'Amex', 'Debit (Prepaid)', '****3711', '01/2029', TRUE, 23500.00),
  (115, 80, 1, 'Mastercard', 'Debit (Prepaid)', '****8010', '04/2027', TRUE, 24600.00),
  (116, 52, 1, 'Discover', 'Debit', '****9004', '12/2027', TRUE, 21500.00),
  (117, 65, 1, 'Mastercard', 'Debit', '****9180', '10/2026', TRUE, 7800.00),
  (118, 42, 2, 'Discover', 'Debit (Prepaid)', '****9183', '05/2030', TRUE, 23000.00),
  (119, 63, 0, 'Amex', 'Debit (Prepaid)', '****7959', '11/2030', FALSE, 20900.00),
  (120, 75, 1, 'Mastercard', 'Credit', '****7834', '05/2026', TRUE, 2900.00),
  (121, 81, 1, 'Discover', 'Credit', '****3460', '03/2026', TRUE, 8500.00),
  (122, 75, 2, 'Mastercard', 'Debit', '****1561', '09/2028', FALSE, 9100.00),
  (123, 64, 0, 'Mastercard', 'Debit (Prepaid)', '****9506', '12/2027', TRUE, 14500.00),
  (124, 52, 2, 'Mastercard', 'Debit (Prepaid)', '****3782', '04/2029', TRUE, 13400.00),
  (125, 17, 1, 'Discover', 'Debit (Prepaid)', '****2853', '02/2029', FALSE, 18900.00),
  (126, 1, 1, 'Discover', 'Credit', '****9209', '08/2027', FALSE, 24900.00),
  (127, 2, 0, 'Discover', 'Debit', '****8163', '08/2028', TRUE, 23900.00),
  (128, 14, 0, 'Discover', 'Debit', '****7959', '02/2028', TRUE, 16800.00),
  (129, 9, 1, 'Mastercard', 'Credit', '****7803', '08/2028', TRUE, 10700.00),
  (130, 4, 1, 'Mastercard', 'Debit (Prepaid)', '****9835', '03/2026', TRUE, 11000.00);

INSERT INTO merchant (merchant_id, merchant_name, merchant_city, merchant_state, zip, mcc) VALUES
  (1, 'MetroPharm #1', 'Chicago', 'IL', '54967', 5814),
  (2, 'SkyHotel #2', 'Los Angeles', 'CA', '15645', 5732),
  (3, 'TechHub #3', 'New York', 'NY', '64671', 5541),
  (4, 'QuickFuel #4', 'Austin', 'TX', '68266', 5411),
  (5, 'CornerShop #5', 'Charlotte', 'NC', '26653', 5311),
  (6, 'Bayside Diner #6', 'Phoenix', 'AZ', '61883', 5311),
  (7, 'CinemaOne #7', 'New York', 'NY', '77729', 5812),
  (8, 'Sunrise Market #8', 'Orlando', 'FL', '56885', 8011),
  (9, 'Bayside Diner #9', 'Chicago', 'IL', '52748', 7011),
  (10, 'StyleWorks #10', 'Atlanta', 'GA', '21457', 5651),
  (11, 'BurgerBarn #11', 'Los Angeles', 'CA', '66497', 8011),
  (12, 'QuickFuel #12', 'Chicago', 'IL', '32181', 5311),
  (13, 'CornerShop #13', 'Charlotte', 'NC', '96416', 5732),
  (14, 'RideNow #14', 'Orlando', 'FL', '80226', 5732),
  (15, 'CityMart #15', 'Atlanta', 'GA', '99359', 8011),
  (16, 'CornerShop #16', 'New York', 'NY', '95497', 4814),
  (17, 'BurgerBarn #17', 'New York', 'NY', '21339', 4814),
  (18, 'CityMart #18', 'Los Angeles', 'CA', '17111', 5311),
  (19, 'CinemaOne #19', 'Austin', 'TX', '78364', 6011),
  (20, 'Bayside Diner #20', 'Phoenix', 'AZ', '84102', 5311),
  (21, 'StreamTel #21', 'Orlando', 'FL', '19123', 6011),
  (22, 'Sunrise Market #22', 'Los Angeles', 'CA', '82639', 5999),
  (23, 'StyleWorks #23', 'Columbus', 'OH', '79550', 8011),
  (24, 'Sunrise Market #24', 'Austin', 'TX', '82177', 5651),
  (25, 'Bayside Diner #25', 'Orlando', 'FL', '12751', 5732),
  (26, 'GreenGrocer #26', 'Charlotte', 'NC', '63660', 7011),
  (27, 'BurgerBarn #27', 'Phoenix', 'AZ', '27031', 6011),
  (28, 'MetroPharm #28', 'Columbus', 'OH', '85449', 5541),
  (29, 'SkyHotel #29', 'Columbus', 'OH', '89240', 7011),
  (30, 'CinemaOne #30', 'Atlanta', 'GA', '89834', 5651),
  (31, 'BurgerBarn #31', 'Austin', 'TX', '29318', 5411),
  (32, 'GreenGrocer #32', 'Chicago', 'IL', '87492', 7832),
  (33, 'Bayside Diner #33', 'Charlotte', 'NC', '84764', 4121),
  (34, 'Sunrise Market #34', 'New York', 'NY', '57401', 8011),
  (35, 'BurgerBarn #35', 'Austin', 'TX', '70256', 5311),
  (36, 'CornerShop #36', 'Columbus', 'OH', '46764', 5311),
  (37, 'HealthFirst #37', 'Austin', 'TX', '60758', 4121),
  (38, 'Bayside Diner #38', 'Orlando', 'FL', '61232', 5999),
  (39, 'Sunrise Market #39', 'Charlotte', 'NC', '90696', 5651),
  (40, 'MetroPharm #40', 'Orlando', 'FL', '82580', 7832),
  (41, 'QuickFuel #41', 'Charlotte', 'NC', '29856', 5541),
  (42, 'TechHub #42', 'Orlando', 'FL', '28902', 7832),
  (43, 'TechHub #43', 'Phoenix', 'AZ', '98469', 4121),
  (44, 'MetroPharm #44', 'Columbus', 'OH', '63540', 5311),
  (45, 'QuickFuel #45', 'Chicago', 'IL', '69029', 5411),
  (46, 'TechHub #46', 'Chicago', 'IL', '90420', 7011),
  (47, 'QuickFuel #47', 'Austin', 'TX', '61430', 4121),
  (48, 'CityMart #48', 'Chicago', 'IL', '10737', 5732),
  (49, 'CityMart #49', 'Seattle', 'WA', '59890', 5311),
  (50, 'CornerShop #50', 'Seattle', 'WA', '70667', 5541),
  (51, 'TechHub #51', 'Columbus', 'OH', '78276', 7832),
  (52, 'SkyHotel #52', 'Phoenix', 'AZ', '18132', 5999),
  (53, 'StreamTel #53', 'Austin', 'TX', '49400', 5411),
  (54, 'BurgerBarn #54', 'Columbus', 'OH', '54537', 5651),
  (55, 'HealthFirst #55', 'Seattle', 'WA', '59658', 5732),
  (56, 'SkyHotel #56', 'Orlando', 'FL', '94660', 7011),
  (57, 'StyleWorks #57', 'Orlando', 'FL', '77144', 5999),
  (58, 'TechHub #58', 'New York', 'NY', '17433', 8011),
  (59, 'RideNow #59', 'Orlando', 'FL', '10827', 5814),
  (60, 'MetroPharm #60', 'Columbus', 'OH', '79219', 7832),
  (61, 'Sunrise Market #61', 'New York', 'NY', '60464', 5311),
  (62, 'QuickFuel #62', 'Chicago', 'IL', '23987', 5732),
  (63, 'SkyHotel #63', 'Seattle', 'WA', '76714', 8011),
  (64, 'CityMart #64', 'Charlotte', 'NC', '93565', 5812),
  (65, 'SkyHotel #65', 'Orlando', 'FL', '57284', 5999),
  (66, 'MetroPharm #66', 'Phoenix', 'AZ', '20788', 7832),
  (67, 'RideNow #67', 'Columbus', 'OH', '42916', 5912),
  (68, 'TechHub #68', 'Austin', 'TX', '80088', 5411),
  (69, 'BurgerBarn #69', 'Seattle', 'WA', '87529', 5541),
  (70, 'RideNow #70', 'Seattle', 'WA', '17800', 8011),
  (71, 'QuickFuel #71', 'Charlotte', 'NC', '96053', 6011),
  (72, 'RideNow #72', 'Phoenix', 'AZ', '87140', 5541),
  (73, 'SkyHotel #73', 'Phoenix', 'AZ', '97125', 5651),
  (74, 'GreenGrocer #74', 'Los Angeles', 'CA', '46433', 4814),
  (75, 'MetroPharm #75', 'Los Angeles', 'CA', '37911', 5814),
  (76, 'HealthFirst #76', 'Seattle', 'WA', '48397', 5541),
  (77, 'StreamTel #77', 'Charlotte', 'NC', '97061', 5311),
  (78, 'QuickFuel #78', 'Seattle', 'WA', '15116', 5812),
  (79, 'GreenGrocer #79', 'Chicago', 'IL', '98872', 5912),
  (80, 'CornerShop #80', 'Los Angeles', 'CA', '89324', 5311),
  (81, 'RideNow #81', 'Seattle', 'WA', '51024', 8011),
  (82, 'TechHub #82', 'Orlando', 'FL', '61169', 7832),
  (83, 'QuickFuel #83', 'Columbus', 'OH', '98275', 7832),
  (84, 'StyleWorks #84', 'Columbus', 'OH', '48880', 5912),
  (85, 'CinemaOne #85', 'Orlando', 'FL', '58269', 7832),
  (86, 'MetroPharm #86', 'Charlotte', 'NC', '44357', 5411),
  (87, 'Bayside Diner #87', 'Columbus', 'OH', '14950', 5311),
  (88, 'SkyHotel #88', 'Atlanta', 'GA', '96464', 5411),
  (89, 'StreamTel #89', 'New York', 'NY', '64672', 5812),
  (90, 'CornerShop #90', 'Seattle', 'WA', '92806', 5732),
  (91, 'Sunrise Market #91', 'Phoenix', 'AZ', '21924', 7832),
  (92, 'CornerShop #92', 'Columbus', 'OH', '52512', 5411),
  (93, 'SkyHotel #93', 'Atlanta', 'GA', '26689', 8011),
  (94, 'Sunrise Market #94', 'Charlotte', 'NC', '33750', 7832),
  (95, 'RideNow #95', 'Atlanta', 'GA', '26775', 7011),
  (96, 'BurgerBarn #96', 'Austin', 'TX', '69361', 5411),
  (97, 'QuickFuel #97', 'Phoenix', 'AZ', '95784', 5541),
  (98, 'SkyHotel #98', 'Los Angeles', 'CA', '57721', 8011),
  (99, 'CinemaOne #99', 'Chicago', 'IL', '90290', 6011),
  (100, 'StyleWorks #100', 'Atlanta', 'GA', '50339', 4814);

INSERT INTO transaction (transaction_id, card_id, merchant_id, txn_timestamp, amount, use_chip, is_fraud, error_flag) VALUES
  (1, 86, 54, '2025-05-25 22:13:00', 536.54, 'Online Transaction', FALSE, FALSE),
  (2, 18, 30, '2025-06-01 09:35:00', 56.91, 'Online Transaction', FALSE, FALSE),
  (3, 63, 32, '2025-02-24 07:40:00', 802.08, 'Chip Transaction', FALSE, FALSE),
  (4, 4, 62, '2025-01-17 04:53:00', 479.59, 'Chip Transaction', FALSE, FALSE),
  (5, 84, 15, '2025-05-07 17:58:00', 261.24, 'Swipe Transaction', FALSE, FALSE),
  (6, 35, 58, '2025-06-07 07:49:00', -234.47, 'Online Transaction', FALSE, FALSE),
  (7, 75, 29, '2025-03-12 23:19:00', 630.16, 'Online Transaction', FALSE, FALSE),
  (8, 95, 59, '2025-01-09 01:44:00', 256.32, 'Chip Transaction', FALSE, FALSE),
  (9, 29, 27, '2025-01-07 12:36:00', 159.46, 'Chip Transaction', FALSE, FALSE),
  (10, 112, 53, '2025-05-01 18:26:00', 527.37, 'Chip Transaction', FALSE, FALSE),
  (11, 117, 69, '2025-03-12 15:26:00', 29.78, 'Chip Transaction', FALSE, FALSE),
  (12, 27, 32, '2025-03-19 17:05:00', 580.44, 'Chip Transaction', FALSE, FALSE),
  (13, 105, 4, '2025-04-28 01:25:00', 748.78, 'Chip Transaction', FALSE, FALSE),
  (14, 85, 61, '2025-02-04 01:09:00', 478.07, 'Swipe Transaction', FALSE, FALSE),
  (15, 7, 88, '2025-03-18 15:10:00', 842.34, 'Chip Transaction', FALSE, FALSE),
  (16, 120, 14, '2025-02-15 22:39:00', -163.9, 'Swipe Transaction', FALSE, FALSE),
  (17, 4, 22, '2025-03-13 04:43:00', 550.56, 'Chip Transaction', FALSE, FALSE),
  (18, 7, 7, '2025-01-10 14:21:00', 19.04, 'Swipe Transaction', FALSE, FALSE),
  (19, 80, 45, '2025-01-20 23:06:00', 157.45, 'Online Transaction', FALSE, FALSE),
  (20, 99, 73, '2025-03-15 09:17:00', 237.21, 'Swipe Transaction', FALSE, FALSE),
  (21, 80, 88, '2025-01-16 08:46:00', 826.48, 'Online Transaction', FALSE, FALSE),
  (22, 76, 64, '2025-02-08 04:08:00', 4.82, 'Chip Transaction', FALSE, FALSE),
  (23, 35, 95, '2025-01-04 11:58:00', 427.41, 'Online Transaction', FALSE, FALSE),
  (24, 119, 63, '2025-03-10 03:54:00', 327.7, 'Online Transaction', FALSE, FALSE),
  (25, 30, 76, '2025-02-04 08:05:00', 305.31, 'Swipe Transaction', FALSE, FALSE),
  (26, 90, 2, '2025-05-17 10:54:00', 197.31, 'Chip Transaction', FALSE, FALSE),
  (27, 116, 48, '2025-04-01 08:06:00', 565.31, 'Swipe Transaction', FALSE, TRUE),
  (28, 33, 71, '2025-04-01 19:25:00', 197.97, 'Chip Transaction', FALSE, FALSE),
  (29, 129, 60, '2025-06-08 14:57:00', 79.74, 'Chip Transaction', TRUE, FALSE),
  (30, 48, 2, '2025-01-08 20:59:00', 128.44, 'Online Transaction', FALSE, FALSE),
  (31, 63, 32, '2025-01-25 13:41:00', 371.52, 'Swipe Transaction', FALSE, FALSE),
  (32, 115, 80, '2025-02-09 04:50:00', 152.99, 'Online Transaction', FALSE, FALSE),
  (33, 81, 16, '2025-05-05 01:40:00', 527.97, 'Online Transaction', FALSE, FALSE),
  (34, 64, 70, '2025-05-25 07:14:00', 518.21, 'Chip Transaction', FALSE, FALSE),
  (35, 56, 86, '2025-05-03 15:02:00', -58.61, 'Chip Transaction', FALSE, FALSE),
  (36, 108, 17, '2025-04-06 13:14:00', 799.09, 'Chip Transaction', FALSE, FALSE),
  (37, 56, 72, '2025-01-08 07:35:00', 453.75, 'Chip Transaction', FALSE, FALSE),
  (38, 49, 62, '2025-05-16 10:31:00', 690.96, 'Chip Transaction', FALSE, FALSE),
  (39, 108, 19, '2025-06-17 05:36:00', 43.99, 'Swipe Transaction', FALSE, FALSE),
  (40, 65, 64, '2025-02-10 20:27:00', 712.48, 'Online Transaction', FALSE, FALSE),
  (41, 55, 39, '2025-06-07 20:14:00', 340.32, 'Online Transaction', FALSE, FALSE),
  (42, 79, 83, '2025-04-07 08:21:00', 777.54, 'Online Transaction', FALSE, FALSE),
  (43, 126, 78, '2025-02-22 07:41:00', 319.97, 'Swipe Transaction', FALSE, FALSE),
  (44, 100, 23, '2025-04-02 01:35:00', 172.27, 'Online Transaction', FALSE, FALSE),
  (45, 122, 34, '2025-05-20 00:05:00', 628.19, 'Online Transaction', FALSE, FALSE),
  (46, 94, 72, '2025-06-14 17:20:00', 157.53, 'Chip Transaction', FALSE, FALSE),
  (47, 60, 41, '2025-02-15 08:11:00', 827.04, 'Swipe Transaction', FALSE, FALSE),
  (48, 112, 6, '2025-06-20 10:49:00', 730.27, 'Online Transaction', TRUE, FALSE),
  (49, 4, 70, '2025-06-16 04:34:00', 599.05, 'Online Transaction', FALSE, FALSE),
  (50, 112, 84, '2025-05-01 20:17:00', 402.3, 'Swipe Transaction', FALSE, FALSE),
  (51, 113, 14, '2025-05-25 16:35:00', 429.35, 'Chip Transaction', FALSE, FALSE),
  (52, 18, 21, '2025-03-02 13:52:00', 732.27, 'Swipe Transaction', FALSE, FALSE),
  (53, 8, 43, '2025-04-23 04:42:00', 612.56, 'Chip Transaction', FALSE, TRUE),
  (54, 110, 43, '2025-02-21 17:00:00', 477.7, 'Chip Transaction', FALSE, FALSE),
  (55, 106, 13, '2025-05-20 03:05:00', 785.98, 'Swipe Transaction', FALSE, FALSE),
  (56, 24, 95, '2025-01-22 09:09:00', 244.49, 'Swipe Transaction', FALSE, FALSE),
  (57, 85, 53, '2025-06-24 23:51:00', 246.81, 'Online Transaction', FALSE, FALSE),
  (58, 110, 3, '2025-03-03 03:16:00', 771.63, 'Chip Transaction', FALSE, FALSE),
  (59, 54, 84, '2025-06-06 15:33:00', 380.13, 'Chip Transaction', FALSE, FALSE),
  (60, 12, 7, '2025-03-19 08:33:00', 125.07, 'Chip Transaction', FALSE, FALSE),
  (61, 88, 71, '2025-01-24 00:58:00', 532.57, 'Swipe Transaction', FALSE, FALSE),
  (62, 127, 39, '2025-05-18 04:42:00', 781.81, 'Online Transaction', FALSE, FALSE),
  (63, 29, 68, '2025-03-24 23:16:00', -216.6, 'Swipe Transaction', FALSE, FALSE),
  (64, 87, 69, '2025-02-08 18:00:00', 582.53, 'Online Transaction', FALSE, FALSE),
  (65, 26, 43, '2025-06-25 12:22:00', 483.75, 'Online Transaction', FALSE, FALSE),
  (66, 36, 96, '2025-05-18 23:24:00', 209.98, 'Swipe Transaction', FALSE, FALSE),
  (67, 1, 70, '2025-03-18 20:58:00', 4.57, 'Online Transaction', FALSE, FALSE),
  (68, 65, 12, '2025-06-01 23:22:00', 365.16, 'Chip Transaction', FALSE, FALSE),
  (69, 57, 18, '2025-06-02 08:20:00', 182.49, 'Swipe Transaction', FALSE, FALSE),
  (70, 57, 85, '2025-04-21 13:15:00', 54.02, 'Chip Transaction', FALSE, FALSE),
  (71, 57, 14, '2025-02-15 10:05:00', 629.82, 'Swipe Transaction', FALSE, FALSE),
  (72, 75, 2, '2025-06-12 22:08:00', 58.15, 'Swipe Transaction', FALSE, FALSE),
  (73, 61, 36, '2025-04-13 23:40:00', 336.13, 'Swipe Transaction', FALSE, FALSE),
  (74, 126, 36, '2025-02-26 05:57:00', 75.5, 'Chip Transaction', FALSE, FALSE),
  (75, 119, 51, '2025-03-23 16:16:00', 609.38, 'Swipe Transaction', FALSE, FALSE),
  (76, 92, 69, '2025-06-09 00:26:00', 260.45, 'Chip Transaction', FALSE, FALSE),
  (77, 104, 54, '2025-03-17 13:15:00', 530.65, 'Online Transaction', FALSE, FALSE),
  (78, 113, 29, '2025-06-14 06:59:00', 680.52, 'Swipe Transaction', FALSE, FALSE),
  (79, 3, 48, '2025-05-25 23:38:00', 654.81, 'Chip Transaction', FALSE, FALSE),
  (80, 11, 43, '2025-04-08 20:44:00', 333.96, 'Chip Transaction', FALSE, FALSE),
  (81, 42, 56, '2025-05-10 17:01:00', 349.18, 'Chip Transaction', FALSE, FALSE),
  (82, 100, 92, '2025-04-08 11:19:00', 711.9, 'Chip Transaction', FALSE, FALSE),
  (83, 38, 84, '2025-03-17 14:49:00', 79.28, 'Chip Transaction', FALSE, FALSE),
  (84, 20, 78, '2025-02-11 22:24:00', 370.21, 'Online Transaction', FALSE, FALSE),
  (85, 82, 57, '2025-04-24 23:51:00', 310.64, 'Chip Transaction', FALSE, FALSE),
  (86, 58, 74, '2025-03-23 09:31:00', 217.92, 'Swipe Transaction', FALSE, FALSE),
  (87, 9, 64, '2025-06-25 18:16:00', 179.87, 'Chip Transaction', FALSE, FALSE),
  (88, 64, 64, '2025-04-10 06:12:00', 622.66, 'Swipe Transaction', FALSE, FALSE),
  (89, 94, 93, '2025-05-09 02:08:00', 790.99, 'Swipe Transaction', FALSE, FALSE),
  (90, 78, 34, '2025-04-01 00:56:00', 397.55, 'Chip Transaction', FALSE, FALSE),
  (91, 37, 22, '2025-05-08 18:37:00', 85.83, 'Chip Transaction', FALSE, FALSE),
  (92, 67, 71, '2025-04-20 08:25:00', 757.92, 'Online Transaction', FALSE, FALSE),
  (93, 39, 20, '2025-05-12 10:25:00', 581.97, 'Chip Transaction', FALSE, FALSE),
  (94, 29, 15, '2025-03-16 04:54:00', 30.65, 'Swipe Transaction', FALSE, FALSE),
  (95, 66, 88, '2025-02-12 15:38:00', 687.84, 'Chip Transaction', FALSE, FALSE),
  (96, 49, 11, '2025-01-06 22:49:00', 644.83, 'Chip Transaction', FALSE, FALSE),
  (97, 28, 71, '2025-01-26 22:20:00', 177.64, 'Swipe Transaction', TRUE, FALSE),
  (98, 61, 60, '2025-03-18 19:18:00', 444.47, 'Online Transaction', FALSE, FALSE),
  (99, 117, 14, '2025-05-22 01:46:00', 435.28, 'Chip Transaction', FALSE, FALSE),
  (100, 88, 25, '2025-02-14 13:31:00', 714.23, 'Online Transaction', TRUE, FALSE),
  (101, 99, 94, '2025-03-23 14:38:00', 484.94, 'Swipe Transaction', TRUE, FALSE),
  (102, 71, 52, '2025-03-07 17:09:00', 233.26, 'Chip Transaction', FALSE, FALSE),
  (103, 123, 58, '2025-06-11 04:53:00', 614.14, 'Chip Transaction', FALSE, FALSE),
  (104, 16, 65, '2025-02-25 16:40:00', 58.15, 'Chip Transaction', FALSE, FALSE),
  (105, 72, 89, '2025-01-02 14:32:00', 544.32, 'Swipe Transaction', FALSE, FALSE),
  (106, 34, 25, '2025-01-04 05:38:00', 372.46, 'Online Transaction', FALSE, FALSE),
  (107, 18, 5, '2025-06-14 23:32:00', 226.72, 'Online Transaction', FALSE, FALSE),
  (108, 36, 22, '2025-04-12 20:46:00', 219.88, 'Chip Transaction', FALSE, FALSE),
  (109, 43, 92, '2025-04-27 13:42:00', 375.97, 'Swipe Transaction', FALSE, FALSE),
  (110, 17, 27, '2025-02-09 20:14:00', 630.25, 'Chip Transaction', FALSE, FALSE),
  (111, 70, 83, '2025-06-08 01:06:00', 196.17, 'Chip Transaction', TRUE, FALSE),
  (112, 82, 83, '2025-04-02 10:55:00', -165.68, 'Online Transaction', FALSE, FALSE),
  (113, 6, 60, '2025-04-28 00:35:00', 129.31, 'Chip Transaction', FALSE, FALSE),
  (114, 8, 49, '2025-04-22 21:07:00', 218.7, 'Online Transaction', FALSE, FALSE),
  (115, 43, 81, '2025-02-18 01:47:00', 108.62, 'Chip Transaction', FALSE, FALSE),
  (116, 46, 68, '2025-01-17 01:28:00', 454.08, 'Online Transaction', FALSE, FALSE),
  (117, 96, 78, '2025-03-15 19:38:00', 588.48, 'Chip Transaction', FALSE, FALSE),
  (118, 100, 76, '2025-06-20 01:35:00', 358.43, 'Swipe Transaction', FALSE, FALSE),
  (119, 74, 9, '2025-03-09 10:34:00', 64.39, 'Swipe Transaction', FALSE, FALSE),
  (120, 36, 41, '2025-04-14 08:06:00', 642.51, 'Chip Transaction', FALSE, FALSE),
  (121, 73, 78, '2025-06-02 07:46:00', -16.08, 'Chip Transaction', FALSE, FALSE),
  (122, 28, 91, '2025-02-17 11:36:00', 605.16, 'Swipe Transaction', FALSE, FALSE),
  (123, 55, 100, '2025-02-15 20:48:00', 339.98, 'Swipe Transaction', FALSE, FALSE),
  (124, 121, 80, '2025-05-04 02:41:00', 745.2, 'Swipe Transaction', FALSE, FALSE),
  (125, 52, 36, '2025-05-17 11:06:00', 324.54, 'Chip Transaction', FALSE, FALSE),
  (126, 78, 9, '2025-06-06 19:22:00', 680.35, 'Swipe Transaction', FALSE, FALSE),
  (127, 65, 86, '2025-01-20 00:24:00', 241.12, 'Chip Transaction', FALSE, TRUE),
  (128, 114, 89, '2025-04-15 09:04:00', 163.34, 'Swipe Transaction', FALSE, FALSE),
  (129, 40, 13, '2025-03-07 22:20:00', 659.35, 'Chip Transaction', FALSE, FALSE),
  (130, 109, 1, '2025-06-24 11:33:00', 565.46, 'Swipe Transaction', FALSE, FALSE),
  (131, 69, 18, '2025-01-23 09:24:00', 28.37, 'Chip Transaction', FALSE, TRUE),
  (132, 75, 22, '2025-02-21 13:33:00', 222.03, 'Chip Transaction', FALSE, FALSE),
  (133, 83, 96, '2025-04-05 02:46:00', 823.36, 'Chip Transaction', FALSE, FALSE),
  (134, 125, 32, '2025-02-26 11:31:00', 46.16, 'Chip Transaction', FALSE, FALSE),
  (135, 52, 68, '2025-03-13 09:05:00', 271.94, 'Online Transaction', FALSE, FALSE),
  (136, 38, 42, '2025-03-10 05:05:00', 335.35, 'Chip Transaction', FALSE, FALSE),
  (137, 106, 61, '2025-02-26 06:30:00', 65.86, 'Chip Transaction', FALSE, FALSE),
  (138, 127, 84, '2025-02-20 11:09:00', 247.93, 'Swipe Transaction', FALSE, FALSE),
  (139, 99, 80, '2025-05-01 11:34:00', -35.21, 'Chip Transaction', FALSE, FALSE),
  (140, 88, 17, '2025-03-24 07:02:00', 67.02, 'Swipe Transaction', FALSE, FALSE),
  (141, 25, 6, '2025-01-18 09:34:00', 721.26, 'Chip Transaction', FALSE, FALSE),
  (142, 24, 62, '2025-05-22 00:49:00', 505.31, 'Swipe Transaction', FALSE, FALSE),
  (143, 40, 68, '2025-05-04 14:09:00', 37.23, 'Chip Transaction', FALSE, FALSE),
  (144, 48, 70, '2025-04-21 12:51:00', 632.72, 'Online Transaction', FALSE, FALSE),
  (145, 80, 27, '2025-01-16 16:07:00', 644.24, 'Online Transaction', FALSE, FALSE),
  (146, 78, 75, '2025-03-02 15:30:00', 517.44, 'Chip Transaction', FALSE, FALSE),
  (147, 19, 61, '2025-04-20 23:58:00', 29.09, 'Online Transaction', FALSE, FALSE),
  (148, 97, 8, '2025-03-12 06:29:00', 706.19, 'Online Transaction', FALSE, FALSE),
  (149, 110, 13, '2025-05-15 12:03:00', 342.77, 'Swipe Transaction', FALSE, FALSE),
  (150, 55, 87, '2025-01-04 07:17:00', 333.48, 'Chip Transaction', FALSE, FALSE),
  (151, 49, 16, '2025-04-14 08:46:00', 436.94, 'Online Transaction', FALSE, FALSE),
  (152, 47, 85, '2025-04-02 19:08:00', 624.26, 'Online Transaction', FALSE, FALSE),
  (153, 10, 37, '2025-05-05 02:59:00', 101.93, 'Chip Transaction', FALSE, FALSE),
  (154, 55, 77, '2025-05-24 08:07:00', 43.56, 'Chip Transaction', FALSE, FALSE),
  (155, 106, 85, '2025-02-15 23:53:00', 420.7, 'Chip Transaction', FALSE, FALSE),
  (156, 46, 20, '2025-04-19 07:48:00', 333.87, 'Online Transaction', TRUE, FALSE),
  (157, 59, 69, '2025-02-12 08:44:00', 558.19, 'Swipe Transaction', FALSE, FALSE),
  (158, 62, 26, '2025-06-21 03:31:00', 760.1, 'Chip Transaction', FALSE, FALSE),
  (159, 79, 47, '2025-03-22 16:26:00', 506.79, 'Online Transaction', FALSE, FALSE),
  (160, 51, 4, '2025-01-07 18:53:00', 301.96, 'Chip Transaction', FALSE, FALSE),
  (161, 71, 38, '2025-06-27 09:45:00', 372.06, 'Chip Transaction', FALSE, TRUE),
  (162, 66, 3, '2025-04-14 19:36:00', 591.35, 'Online Transaction', FALSE, FALSE),
  (163, 22, 79, '2025-02-24 14:03:00', 295.35, 'Chip Transaction', FALSE, FALSE),
  (164, 1, 97, '2025-03-05 09:24:00', 296.03, 'Swipe Transaction', FALSE, FALSE),
  (165, 21, 35, '2025-02-16 18:05:00', 625.8, 'Swipe Transaction', FALSE, FALSE),
  (166, 9, 92, '2025-03-24 13:31:00', 805.44, 'Online Transaction', FALSE, FALSE),
  (167, 15, 67, '2025-05-11 22:00:00', 242.31, 'Swipe Transaction', FALSE, FALSE),
  (168, 4, 49, '2025-01-26 00:57:00', 234.1, 'Swipe Transaction', FALSE, FALSE),
  (169, 12, 83, '2025-01-18 02:21:00', 757.86, 'Swipe Transaction', FALSE, FALSE),
  (170, 113, 48, '2025-04-23 15:42:00', 782.02, 'Swipe Transaction', FALSE, TRUE),
  (171, 122, 34, '2025-01-28 21:17:00', 639.71, 'Chip Transaction', FALSE, FALSE),
  (172, 128, 57, '2025-01-05 09:08:00', 107.4, 'Chip Transaction', FALSE, FALSE),
  (173, 108, 50, '2025-05-28 19:31:00', 842.78, 'Chip Transaction', FALSE, FALSE),
  (174, 28, 65, '2025-02-08 01:39:00', -140.07, 'Chip Transaction', FALSE, FALSE),
  (175, 34, 65, '2025-06-11 17:04:00', 787.25, 'Online Transaction', FALSE, FALSE),
  (176, 21, 78, '2025-06-11 21:38:00', 213.27, 'Chip Transaction', FALSE, FALSE),
  (177, 44, 95, '2025-02-26 01:51:00', 518.83, 'Swipe Transaction', FALSE, FALSE),
  (178, 47, 64, '2025-03-02 08:36:00', 537.31, 'Chip Transaction', FALSE, FALSE),
  (179, 107, 42, '2025-05-20 16:55:00', 698.26, 'Chip Transaction', FALSE, FALSE),
  (180, 115, 92, '2025-03-08 18:53:00', 6.13, 'Chip Transaction', FALSE, FALSE),
  (181, 83, 53, '2025-05-27 19:47:00', 284.24, 'Swipe Transaction', FALSE, FALSE),
  (182, 122, 80, '2025-06-15 17:34:00', 342.57, 'Online Transaction', FALSE, FALSE),
  (183, 10, 47, '2025-05-21 00:59:00', 230.45, 'Chip Transaction', FALSE, FALSE),
  (184, 96, 25, '2025-05-03 07:28:00', 442.46, 'Chip Transaction', FALSE, FALSE),
  (185, 98, 85, '2025-04-07 07:26:00', 205.83, 'Swipe Transaction', FALSE, FALSE),
  (186, 115, 99, '2025-05-11 12:25:00', 255.47, 'Swipe Transaction', TRUE, FALSE),
  (187, 18, 72, '2025-06-11 04:49:00', 238.22, 'Online Transaction', TRUE, FALSE),
  (188, 4, 20, '2025-02-02 05:39:00', 632.95, 'Swipe Transaction', FALSE, FALSE),
  (189, 111, 86, '2025-01-05 10:41:00', 121.46, 'Chip Transaction', FALSE, FALSE),
  (190, 89, 45, '2025-02-12 11:18:00', 191.01, 'Chip Transaction', FALSE, FALSE),
  (191, 23, 81, '2025-03-09 18:36:00', 372.11, 'Swipe Transaction', FALSE, FALSE),
  (192, 130, 38, '2025-04-11 09:38:00', 173.34, 'Chip Transaction', FALSE, FALSE),
  (193, 101, 83, '2025-04-16 08:54:00', 157.86, 'Chip Transaction', FALSE, FALSE),
  (194, 57, 98, '2025-05-19 12:44:00', 124.03, 'Chip Transaction', FALSE, FALSE),
  (195, 127, 48, '2025-06-14 03:03:00', 178.71, 'Online Transaction', FALSE, FALSE),
  (196, 114, 21, '2025-06-06 14:29:00', 486.49, 'Chip Transaction', FALSE, FALSE),
  (197, 22, 35, '2025-03-25 10:22:00', 458.16, 'Chip Transaction', FALSE, FALSE),
  (198, 58, 85, '2025-03-16 15:51:00', 223.7, 'Chip Transaction', TRUE, FALSE),
  (199, 87, 60, '2025-05-19 10:36:00', 274.43, 'Online Transaction', FALSE, FALSE),
  (200, 28, 96, '2025-05-10 06:12:00', 82.57, 'Online Transaction', FALSE, FALSE);

COMMIT;

-- example of the review workflow (stored procedure):
-- CALL review_alert(1, 'analyst_1', 'CONFIRMED');